id,title,description,theme,speaker,speakerBio,eventDate,startDate,endDate,duration,meetingLink,youtubeLink,cardImageUrl,cardImageKey,programId,targetAudience,status,reminderSent,reminderSentAt,createdBy,createdAt,updatedAt
1,2025/06 - Liderança Tóxica com Emerson Dias,"Liderança Tóxica: Impactos, Sinais e Caminhos de Superação

A liderança tem o poder de desenvolver talentos, fortalecer equipes e impulsionar resultados. Mas quando exercida de forma inadequada, pode gerar insegurança, desgaste emocional, queda de produtividade e danos profundos à cultura organizacional.

Neste webinar, Emerson W. Dias conduz uma análise clara e estratégica sobre o fenômeno da liderança tóxica no ambiente corporativo. A partir de fundamentos teóricos e experiências práticas, o encontro aborda como identificar comportamentos nocivos, compreender seus impactos institucionais e refletir sobre alternativas mais saudáveis de gestão.

Ao longo da conversa, são explorados:

✔ O que caracteriza uma liderança tóxica
✔ Sinais comportamentais e culturais que indicam ambientes adoecidos
✔ Impactos na performance, no clima organizacional e na reputação
✔ Estratégias para prevenir, enfrentar e transformar esse cenário

Mais do que apontar problemas, o conteúdo propõe uma reflexão madura sobre responsabilidade, ética e desenvolvimento de lideranças conscientes.

Porque liderar não é apenas alcançar resultados — é sustentar pessoas e construir ambientes onde o respeito e a confiança sejam pilares permanentes.",Webinar Liderança e Equilívrio Emocional,Emerson Dias,"Emerson Dias é Mestre em Administração (FIA) e especialista em Carreira Executiva, com sólida atuação nas áreas de liderança, finanças e desenvolvimento humano. Professor de graduação, pós-graduação e MBAs, também é autor de quatro livros e colunista na Rádio Trianon/SP.

Atua como mentor, coach e consultor de carreira e negócios, integrando Coaching, Filosofia e Contabilidade para promover desenvolvimento com foco em resultado. Possui formação em Gestão Estratégica de Pessoas, Controladoria, Assessment (Birkman, MBTI®, EQ-i/360) e especializações em varejo e psicologia aplicada ao ambiente organizacional.

Seu trabalho é orientado para o desenvolvimento de potencialidades, com ênfase em percepção estratégica, planejamento e ação consistente.",2025-04-02 14:00:00,2025-04-02 14:00:00,2025-04-02 15:00:00,60,,https://youtu.be/7UvjMCdiuqE?si=yx80ybOwr4pQ1YKJ,https://d2xsxph8kpxj0f.cloudfront.net/310519663192322263/5n7arrGNHjNdoFCMzyGXcY/webinar-cards/webinar-1-jssmntdv.jpg,webinar-cards/webinar-1-jssmntdv.jpg,,all,completed,0,,1,2026-02-27 02:09:21,2026-03-03 23:38:11
2,2025/07 - Habilidades da Liderança e Assédio Moral com Sérgio,"Assédio Moral e Liderança: Construindo Ambientes Corporativos Saudáveis

O assédio moral não destrói apenas relações individuais — ele compromete reputações, corrói culturas organizacionais e pode impactar diretamente a sustentabilidade de uma empresa.

Neste webinar, o Professor Sérgio de Jesus conduz uma reflexão profunda e prática sobre o papel da liderança na prevenção de ambientes tóxicos e na construção de culturas corporativas mais éticas, produtivas e humanas.

Com experiência como conselheiro em grandes instituições financeiras, incluindo o Banco de Brasília, e atuação atual em empresas de tecnologia, Sérgio traz uma visão estratégica de quem conhece tanto o topo quanto os bastidores das decisões organizacionais. Ele aborda, com clareza e responsabilidade, os impactos reais do assédio moral — desde a perda de talentos até riscos jurídicos e queda de produtividade.

Ao longo do encontro, são discutidos:

✔ O que caracteriza o assédio moral no contexto organizacional
✔ Os riscos institucionais e estratégicos associados a práticas abusivas
✔ O papel da liderança na prevenção e no enfrentamento do problema
✔ Caminhos para fortalecer culturas baseadas em respeito, confiança e responsabilidade

Mais do que um debate, este conteúdo convida líderes e profissionais a assumirem um posicionamento consciente sobre o tipo de ambiente que desejam construir.

Porque ambientes saudáveis não surgem por acaso — são resultado de liderança madura, ética e intencional.",Webinar Liderança e Assédio Moral,Sergio de Jesus,"Professor Sérgio de Jesus é especialista em gestão de pessoas, governança e cultura organizacional, com sólida trajetória no ambiente corporativo e em conselhos estratégicos. Atuou como conselheiro em instituições financeiras de grande porte, incluindo o Banco de Brasília, e atualmente integra conselhos em empresas de tecnologia, onde inovação e cultura caminham juntas para sustentar resultados. Com olhar estratégico e experiência prática nos bastidores das decisões organizacionais, dedica-se a promover lideranças mais éticas, conscientes e comprometidas com ambientes corporativos saudáveis.",2025-04-24 14:00:00,2025-04-24 14:00:00,2025-04-24 15:00:00,60,,https://www.youtube.com/live/Xqxu3FkxRTs?si=K_8pWO--3UXP7odD,https://d2xsxph8kpxj0f.cloudfront.net/310519663192322263/5n7arrGNHjNdoFCMzyGXcY/webinar-cards/webinar-2-izt94nis.jpeg,webinar-cards/webinar-2-izt94nis.jpeg,,all,completed,0,,1,2026-02-27 02:09:21,2026-03-04 00:54:48
3,2025/08 - LinkedIn e Carreira com Gislaine,"LinkedIn e Carreira

Convidada: Gislaine Righi

O que você realiza todos os dias tem valor — mas será que sua trajetória está sendo comunicada com a força que merece?

Neste webinar do PDI do BEM, você é convidado(a) a refletir sobre como o LinkedIn pode se tornar uma ferramenta estratégica para fortalecer sua presença profissional, ampliar seu impacto e comunicar sua história com autenticidade.

Com a condução de Gislaine Righi, especialista em Gestão de Pessoas e professora na FAAP, a conversa integra liderança humanizada, posicionamento profissional e comunicação com propósito. Ao longo do encontro, são apresentados caminhos práticos para:

✔ Organizar sua trajetória de forma estratégica
✔ Comunicar resultados com clareza e emoção
✔ Construir autoridade sem perder a humanidade
✔ Transformar experiência em influência positiva

Mais do que falar sobre rede social, este webinar propõe uma reflexão sobre legado, visibilidade e coerência entre quem você é e o que você comunica.

✨ Sua história merece ser compartilhada — e pode inspirar outras pessoas.

Assista, reflita e fortaleça sua presença profissional com propósito.",Webinar LinkedIn e Carreira,Gislaine Righi,"Gislaine Righi é especialista em Gestão de Pessoas, professora na FAAP e referência em liderança humanizada e desenvolvimento de carreira. Com sólida experiência em estratégia de comunicação e posicionamento profissional, atua apoiando líderes e profissionais na construção de trajetórias mais autênticas, consistentes e alinhadas a propósito. Sua abordagem integra visão estratégica, sensibilidade humana e presença digital com significado, fortalecendo reputação e impacto profissional.",2025-05-15 14:00:00,2025-05-15 14:00:00,2025-05-15 15:00:00,60,,https://www.youtube.com/live/Ncp5y-BRUIA?si=VxEWgKJ1_VTBJUzl,https://d2xsxph8kpxj0f.cloudfront.net/310519663192322263/5n7arrGNHjNdoFCMzyGXcY/webinar-cards/webinar-3-6ifmmm3w.jpg,webinar-cards/webinar-3-6ifmmm3w.jpg,,all,completed,0,,1,2026-02-27 02:09:21,2026-03-03 22:32:57
4,2025/09 - Foco x Procrastinação com Emerson Dias,"🎯 Foco vs. Procrastinação | O Desafio da Concentração

Com Emerson W. Dias

Em um cenário de demandas infinitas, notificações constantes e múltiplas prioridades, manter o foco tornou-se uma das competências mais estratégicas para quem atua no serviço público e deseja gerar impacto real.

Neste encontro, vamos refletir sobre como a dispersão compromete resultados, enfraquece decisões e alimenta a procrastinação — muitas vezes de forma silenciosa. Mais do que falar sobre produtividade, este webinar propõe uma mudança de postura: sair do piloto automático e assumir o controle consciente da própria atenção.

Conduzido pelo professor e escritor Emerson W. Dias, doutorando em Administração (Mackenzie), mestre pela FIA e MBA Internacional (FGV/Babson College – USA), o encontro integra fundamentos teóricos e aplicação prática para ajudar você a:

✔ Compreender os mecanismos da procrastinação
✔ Desenvolver disciplina atencional em ambientes de alta pressão
✔ Priorizar com clareza e intencionalidade
✔ Sustentar desempenho com constância e propósito

Porque foco não é apenas concentração — é maturidade profissional.

Se você sente que está sempre ocupado, mas quer ser verdadeiramente produtivo, este encontro é para você.

💡 Está pronto para retomar o controle da sua atenção e transformar sua forma de trabalhar?",O Desafio da Concentração,Emerson Dias,"Emerson Dias é Mestre em Administração (FIA) e especialista em Carreira Executiva, com sólida atuação nas áreas de liderança, finanças e desenvolvimento humano. Professor de graduação, pós-graduação e MBAs, também é autor de quatro livros e colunista na Rádio Trianon/SP.

Atua como mentor, coach e consultor de carreira e negócios, integrando Coaching, Filosofia e Contabilidade para promover desenvolvimento com foco em resultado. Possui formação em Gestão Estratégica de Pessoas, Controladoria, Assessment (Birkman, MBTI®, EQ-i/360) e especializações em varejo e psicologia aplicada ao ambiente organizacional.

Seu trabalho é orientado para o desenvolvimento de potencialidades, com ênfase em percepção estratégica, planejamento e ação consistente.",2025-05-30 14:00:00,2025-05-30 14:00:00,2025-05-30 15:00:00,60,,https://www.youtube.com/watch?v=pr__P5h_dSE,https://d2xsxph8kpxj0f.cloudfront.net/310519663192322263/5n7arrGNHjNdoFCMzyGXcY/webinar-cards/webinar-4-jbrun74x.jpg,webinar-cards/webinar-4-jbrun74x.jpg,,all,completed,0,,1,2026-02-27 02:09:21,2026-03-03 22:21:52
5,2025/10 - Do Talento ao Resultado com Fabio Barbosa,"Transforme sua atuação em impacto real
Você já parou para pensar no poder de alinhar o seu talento às metas que realmente importam?

No serviço público — e em qualquer missão com propósito — não basta fazer bem: é preciso fazer com direção. Por isso, o próximo webinar do PDI do BEM traz um convite profundo à conexão entre competências e resultados estratégicos, com a orientação de quem entende do assunto.",Indicadores,,"Especialista em Desenvolvimento de Pessoas, Gestão Estratégica e Logística, com mais de 20 anos de atuação no mercado. Graduado em Gestão de Recursos Humanos, possui MBA em Gestão Estratégica de Pessoas, Governança Corporativa, além de formação em Engenharia de Produção, Gestão de Projetos e Programação Neurolinguística.

Certificado em Executive Coaching, Executive Mentoring e Consultoria Especializada, atua apoiando organizações e lideranças no desenvolvimento de competências, alinhamento cultural e transformação de resultados.

Apaixonado pelo desenvolvimento humano em sua totalidade, é um entusiasta da aprendizagem contínua, da leitura e alguém que olha para o futuro com foco em construir organizações mais humanas, adaptativas e sustentáveis.",2025-06-11 14:00:00,2025-06-11 14:00:00,2025-06-11 15:00:00,60,,https://www.youtube.com/live/UPP3-ewCJe8?si=YL5kN3HhgzwmJR-R,https://d2xsxph8kpxj0f.cloudfront.net/310519663192322263/5n7arrGNHjNdoFCMzyGXcY/webinar-cards/webinar-5-fnfkhhn9.jpg,webinar-cards/webinar-5-fnfkhhn9.jpg,,all,completed,0,,1,2026-02-27 02:09:21,2026-03-03 22:22:26
6,2025/11 - A Conexão das Gerações com Cíntia Gandarely,"“Conectar gerações é também conectar propósitos”
Servir ao público é, antes de tudo, servir às pessoas — e elas estão em constante transformação. Hoje, é impossível fortalecer o bem comum sem compreender os desafios da convivência entre diferentes gerações no mesmo ambiente de trabalho.",Relacionamentos Conectivos,Cíntia Gandarely,"Minibiografia – Cíntia Gandarely

Cíntia Gandarely é especialista em Desenvolvimento Humano, liderança e diversidade geracional, com quase três décadas de experiência na formação e orientação de profissionais. Fundadora da Ganda Conecta, atua como mentora na PUC Angels e é Embaixadora do Festival LED. Reconhecida por sua abordagem estratégica e sensível, é referência em comunicação, integração entre gerações e fortalecimento de lideranças, promovendo conexões que transformam diferenças em colaboração e inovação.",2025-06-25 16:00:00,2025-06-25 16:00:00,2025-06-25 17:00:00,60,,https://www.youtube.com/live/Rwybm8e0kTo?si=Xq6PzwLaARC9gwQ4,https://d2xsxph8kpxj0f.cloudfront.net/310519663192322263/5n7arrGNHjNdoFCMzyGXcY/webinar-cards/webinar-6-ijfcvstq.jpg,webinar-cards/webinar-6-ijfcvstq.jpg,,all,completed,0,,1,2026-02-27 02:09:21,2026-03-03 18:29:03
7,2025/12 - Feedback - com Sandra Pitman,"Feedback – Clareza e Maturidade Profissional - Com Sandra Pitman

Dar e receber feedback é uma das competências mais desafiadoras no ambiente organizacional.
Neste encontro, Sandra Pitman aborda o feedback como ferramenta de desenvolvimento, alinhamento e fortalecimento da credibilidade profissional.
Você vai compreender como conduzir conversas difíceis com clareza, reduzir defensividade, separar fato de interpretação e transformar críticas em crescimento concreto.

Uma aula prática e objetiva para quem deseja evoluir postura, comunicação e maturidade profissional.",Feedback,Sandra Pitman,"Sandra Pitman é psicóloga, especialista em Carreira Executiva e Desenvolvimento de Lideranças, com mais de 35 anos de atuação na área de Recursos Humanos.

Possui MBA em Coaching e formação em Executive, Career e Positive Coaching pela Sociedade Brasileira de Coaching, além de especialização em coordenação de processos de grupo. Atua desde 1996 em projetos de Mudança Organizacional, Treinamento e Desenvolvimento, Avaliação de Desempenho e Potencial, Assessment e Coaching Executivo.

Ao longo de sua trajetória, conduziu projetos para empresas como Banco Safra, Cargill, Nestlé, Itaú, Claro, Coca-Cola, CPFL, Alpargatas, entre outras, com foco em desenvolvimento de pessoas, cultura organizacional e fortalecimento da performance profissional.",2025-07-08 14:00:00,2025-07-08 14:00:00,2025-07-08 15:00:00,60,,https://www.youtube.com/live/-8Ur-qRRPMo?si=JkRngTbqhFZ2ri7T,https://d2xsxph8kpxj0f.cloudfront.net/310519663192322263/5n7arrGNHjNdoFCMzyGXcY/webinar-cards/webinar-7-eaha5gu4.jpg,webinar-cards/webinar-7-eaha5gu4.jpg,,all,completed,0,,1,2026-02-27 02:09:22,2026-03-04 00:14:50
8,"2025/13 - Saúde Mental, Estresse e Burnout com Otácia Azevedo","🔥 Por trás do cansaço, há uma história que merece atenção.

Burnout não é apenas “muito estresse”. É a exaustão que invade a mente, o corpo e o sentido do que fazemos. E quando isso acontece, não é sinal de fraqueza — é sinal de urgência.
O PDI do BEM recebe Otácia Azevedo, psicóloga clínica e organizacional, para um webinar potente e necessário: “Saúde Mental, Estresse e Burnout”.

Com sólida experiência em ambientes públicos e institucionais, Otácia trará orientações práticas e reflexões profundas sobre como preservar a saúde emocional mesmo em contextos desafiadores. Um momento de cuidado coletivo para quem cuida de tantas frentes.","Saúde Mental, Estresse e Burnout",Otácia Azevedo,"Otácia Azevedo Silva é psicóloga, especialista em Psicologia Clínica (Instituto Dasein) e Psicologia Organizacional (Universidade São Judas Tadeu), com atuação focada em desenvolvimento humano, saúde mental e relações saudáveis no trabalho. 
Com experiência na clínica e no contexto corporativo, conduz atendimentos individuais, treinamentos, palestras e ações estratégicas voltadas ao fortalecimento da inteligência emocional, do bem-estar coletivo e do engajamento profissional. Sua atuação é marcada por escuta qualificada, abordagem ética e prática, promovendo ambientes mais conscientes, colaborativos e saudáveis.",2025-07-23 14:00:00,2025-07-23 14:00:00,2025-07-23 15:00:00,60,,https://www.youtube.com/watch?v=b5GB8nRwRec,https://d2xsxph8kpxj0f.cloudfront.net/310519663192322263/5n7arrGNHjNdoFCMzyGXcY/webinar-cards/webinar-8-4w7u7145.jpg,webinar-cards/webinar-8-4w7u7145.jpg,,all,completed,0,,1,2026-02-27 02:09:22,2026-03-03 18:02:40
9,2025/14 - Liderança colaborativa com Sergio David,"Liderança colaborativa em contextos de alta pressão com Sergio David

Esse encontro faz parte do Programa de Desenvolvimento do B.E.M., mas estamos abrindo vagas gratuitas para convidados especiais, porque acreditamos que boas conversas devem ser compartilhadas.

Será uma troca potente sobre como liderar de forma humana, colaborativa e eficaz mesmo em momentos desafiadores.",Liderança,Sergio David,,2025-08-07 14:00:00,2025-08-07 14:00:00,2025-08-07 15:00:00,60,,https://youtu.be/N1AztW2KunQ,https://d2xsxph8kpxj0f.cloudfront.net/310519663192322263/5n7arrGNHjNdoFCMzyGXcY/webinar-cards/webinar-9-3w3j5plo.jpg,webinar-cards/webinar-9-3w3j5plo.jpg,,all,completed,0,,1,2026-02-27 02:09:22,2026-03-03 17:56:05
10,2025/15 - Mindfulness para o Gestor Com Otácia,"✨ Liderar exige clareza, energia e foco — e nem sempre o dia a dia ajuda, não é? Neste webinar, você vai conhecer práticas simples de mindfulness 🧠 que cabem na sua rotina e ajudam a reduzir o estresse 😌, melhorar a concentração 🎯 e tomar decisões com mais segurança ✅.

⏳ Em poucos minutos por dia, você pode criar pausas estratégicas que aumentam sua presença como líder 💼, fortalecem sua comunicação 💬 e trazem mais equilíbrio ⚖️ para o trabalho. É prático, rápido e com resultados que você sente já na primeira aplicação 🚀.",Inteligência e Equilíbrio Emocional,Otácia Azevedo,"Otácia Azevedo Silva é psicóloga, especialista em Psicologia Clínica (Instituto Dasein) e Psicologia Organizacional (Universidade São Judas Tadeu), com atuação focada em desenvolvimento humano, saúde mental e relações saudáveis no trabalho.

Com experiência na clínica e no contexto corporativo, conduz atendimentos individuais, treinamentos, palestras e ações estratégicas voltadas ao fortalecimento da inteligência emocional, do bem-estar coletivo e do engajamento profissional. Sua atuação é marcada por escuta qualificada, abordagem ética e prática, promovendo ambientes mais conscientes, colaborativos e saudáveis.",2025-08-20 14:00:00,2025-08-20 14:00:00,2025-08-20 15:00:00,60,,https://youtu.be/3udA2p37HlY,https://d2xsxph8kpxj0f.cloudfront.net/310519663192322263/5n7arrGNHjNdoFCMzyGXcY/webinar-cards/webinar-10-g6ovj8on.jpeg,webinar-cards/webinar-10-g6ovj8on.jpeg,,all,completed,0,,1,2026-02-27 02:09:22,2026-03-04 00:56:49
11,2025/16 - IA para Equipes Comerciais com Giovanna Vieira,"IA para Equipes Comerciais: Como Ganhar Tempo, Eficiência e Performance
Sua equipe comercial está preparada para a revolução da IA?
No dia 03/09, às 11h, acontece o webinar ""IA para Equipes Comerciais: Como Ganhar Tempo, Eficiência e Performance"", com Giovana Vieira dos Santos, professora, executiva e autora.
Vamos falar de estratégias reais, direto ao ponto, para transformar resultados com inteligência artificial aplicada à rotina de vendas.",Inovação em Vendas,Giovana Vieira,"Giovana Vieira dos Santos é mestre em Gestão de Negócios pela FIA (2015), pós-graduada pela FGV-EAESP (CEAG) e graduada em Ciências Econômicas pela Universidade São Judas Tadeu 

Atua como professora em instituições de referência como FIA, IBMEC, Fundação Dom Cabral, Universidade Cruzeiro do Sul e FMU, ministrando disciplinas nas áreas de inovação, competitividade, gestão de negócios, cadeia de suprimentos e mercados globais.

Paralelamente à carreira acadêmica, é Diretora de Negócios no setor empresarial, com ampla experiência em liderança estratégica, desenvolvimento de mercado, gestão comercial, marketing e logística. É autora do livro “Ferramentas para obter sucesso no Comércio B2B”, além de possuir produção científica na área de competitividade e gestão.",2025-09-03 14:00:00,2025-09-03 14:00:00,2025-09-03 15:00:00,60,,https://youtu.be/2uL94Ov7Gw0,https://d2xsxph8kpxj0f.cloudfront.net/310519663192322263/5n7arrGNHjNdoFCMzyGXcY/webinar-cards/webinar-11-0k0hpm1j.jpg,webinar-cards/webinar-11-0k0hpm1j.jpg,,all,completed,0,,1,2026-02-27 02:09:22,2026-03-03 17:28:03
12,2025/17 - Neurocomunicação com Iza Nascimento,"Neurocomunicação – a ciência para falar melhor em público

Você já sentiu que suas ideias não foram recebidas como gostaria em uma reunião, apresentação ou negociação? A forma como comunicamos pode definir o impacto da nossa liderança, do engajamento da equipe e até da nossa articulação institucional.

Neste webinar, vamos explorar a Neurocomunicação, ciência aplicada que vai além da oratória tradicional e mostra como prender atenção, gerar conexão e inspirar ação.

O que você vai encontrar:
Diferença entre neurocomunicação e oratória comum.
Técnicas práticas de impacto: storytelling, pausas, ritmo, linguagem corporal e emoção.
Exemplos reais do dia a dia: reuniões, apresentações e momentos de pressão.
Ferramentas rápidas e exercícios interativos para aplicar de imediato.
Resultado esperado: mais confiança, clareza e presença ao falar em público, com estratégias simples que elevam sua performance.

Se comunicar bem é uma das competências mais solicitadas nos PDIs – e este é o momento de transformar sua forma de falar em resultados concretos.",Comunicação e Oratória,Iza Nascimento,"Iza Nascimento

Especialista em Neurocomunicação e Oratória, com foco no desenvolvimento de profissionais tímidos e introvertidos. Atua como mentora, palestrante e treinadora há mais de 20 anos, auxiliando executivos, gestores e profissionais de alta performance a superarem o medo de falar em público e a desenvolverem uma comunicação confiante e impactante. Com formação em Neurociências e metodologia própria que integra neurociência, inteligência emocional e técnicas avançadas de oratória, ministra palestras e treinamentos em universidades, empresas e eventos, promovendo transformação real na forma de comunicar, liderar e influenciar.",2025-09-17 14:00:00,2025-09-17 14:00:00,2025-09-17 15:00:00,60,,https://youtu.be/EL71WB5qb0k,https://d2xsxph8kpxj0f.cloudfront.net/310519663192322263/5n7arrGNHjNdoFCMzyGXcY/webinar-cards/webinar-12-i6lbr2lz.jpg,webinar-cards/webinar-12-i6lbr2lz.jpg,,all,completed,0,,1,2026-02-27 02:09:22,2026-03-03 17:13:28
13,2025/18 - Mindfulness na Comunicação e no Tempo com Otácia,"Mindfulness na Comunicação e no Tempo – Pausas que Transformam Resultados
Um encontro leve e prático para gestores e líderes que querem aprender a usar pequenas pausas conscientes para comunicar melhor, reduzir o estresse e ganhar mais foco no tempo de trabalho.",Saúde Mental,Otácia Azevedo,"Otácia Azevedo Silva

Otácia Azevedo Silva é psicóloga, especialista em Psicologia Clínica (Instituto Dasein) e Psicologia Organizacional (Universidade São Judas Tadeu), com atuação focada em desenvolvimento humano, saúde mental e relações saudáveis no trabalho.

Com experiência na clínica e no contexto corporativo, conduz atendimentos individuais, treinamentos, palestras e ações estratégicas voltadas ao fortalecimento da inteligência emocional, do bem-estar coletivo e do engajamento profissional. Sua atuação é marcada por escuta qualificada, abordagem ética e prática, promovendo ambientes mais conscientes, colaborativos e saudáveis.",2025-10-01 14:00:00,2025-10-01 14:00:00,2025-10-01 15:00:00,60,,https://youtu.be/AFwUs8PfIEU,https://d2xsxph8kpxj0f.cloudfront.net/310519663192322263/5n7arrGNHjNdoFCMzyGXcY/webinar-cards/webinar-13-sgt9xlys.jpg,webinar-cards/webinar-13-sgt9xlys.jpg,,all,completed,0,,1,2026-02-27 02:09:22,2026-03-03 16:59:20
15,2025/20 - Aula 02 – Diagnóstico e Estruturação com Emerson Dias,"Já pensou em transformar um bom projeto em um projeto realmente consistente?

Na Aula 2 do nosso Webinar, o especialista Emerson Dias vai mostrar como fazer um diagnóstico certeiro e estruturar cada parte do seu projeto com clareza e propósito.",Curso Online - Estruturação e Implantação de Projeto de Inovação,Emerson Dias,"Emerson é Mestre em Administração (FIA) e especialista em Carreira Executiva, com sólida atuação nas áreas de liderança, finanças e desenvolvimento humano. Professor de graduação, pós-graduação e MBAs, também é autor de quatro livros e colunista na Rádio Trianon/SP.

Atua como mentor, coach e consultor de carreira e negócios, integrando Coaching, Filosofia e Contabilidade para promover desenvolvimento com foco em resultado. Possui formação em Gestão Estratégica de Pessoas, Controladoria, Assessment (Birkman, MBTI®, EQ-i/360) e especializações em varejo e psicologia aplicada ao ambiente organizacional.

Seu trabalho é orientado para o desenvolvimento de potencialidades, com ênfase em percepção estratégica, planejamento e ação consistente.",2025-11-05 14:00:00,2025-11-05 14:00:00,2025-11-05 15:00:00,60,,https://www.youtube.com/watch?v=unTw_PO-x24,https://d2xsxph8kpxj0f.cloudfront.net/310519663192322263/5n7arrGNHjNdoFCMzyGXcY/webinar-cards/webinar-15-k7di1a5s.jpg,webinar-cards/webinar-15-k7di1a5s.jpg,,all,completed,0,,1,2026-02-27 02:09:22,2026-03-02 22:06:45
16,2025/21 - Aula 03 – Planejamento e Implementação com Emerson Dias,"Aula 03 – Planejamento e Implementação

Na terceira aula do Webinar 21, vamos aprofundar o processo de Planejamento e Implementação, mostrando como transformar uma estrutura teórica em um plano orientador completo, com prazos, metas claras e recursos bem definidos.
Esta aula é prática e estratégica: você aprenderá a organizar etapas, priorizar ações, alinhar expectativas e estruturar um plano capaz de orientar equipes e garantir execução efetiva. Também serão apresentados exemplos reais, modelos aplicáveis e recomendações para adaptar a metodologia ao seu contexto de trabalho.

Ao final, você sairá com uma visão clara de como construir um plano consistente, mensurável e focado em resultados — pronto para ser colocado em prática de forma imediata.",Curso Online - Estruturação e Implantação de Projeto de Inovação,Emerson Dias,"Emerson é Mestre em Administração (FIA) e especialista em Carreira Executiva, com sólida atuação nas áreas de liderança, finanças e desenvolvimento humano. Professor de graduação, pós-graduação e MBAs, também é autor de quatro livros e colunista na Rádio Trianon/SP.

Atua como mentor, coach e consultor de carreira e negócios, integrando Coaching, Filosofia e Contabilidade para promover desenvolvimento com foco em resultado. Possui formação em Gestão Estratégica de Pessoas, Controladoria, Assessment (Birkman, MBTI®, EQ-i/360) e especializações em varejo e psicologia aplicada ao ambiente organizacional.

Seu trabalho é orientado para o desenvolvimento de potencialidades, com ênfase em percepção estratégica, planejamento e ação consistente.",2025-11-19 14:00:00,2025-11-19 14:00:00,2025-11-20 15:00:00,60,,https://www.youtube.com/watch?v=3b7MPjfdoOI,https://d2xsxph8kpxj0f.cloudfront.net/310519663192322263/5n7arrGNHjNdoFCMzyGXcY/webinar-cards/webinar-16-rkfj0z60.jpg,webinar-cards/webinar-16-rkfj0z60.jpg,,all,completed,0,,1,2026-02-27 02:09:22,2026-03-02 22:06:25
17,"2025/22 - Aula 04 – Monitoramento, Avaliação e Encerramento com Emerson Dias","Seu projeto está no caminho certo — mas como ter certeza disso?

No dia 03/12, às 11h, o Emerson Dias vai mostrar na prática como monitorar resultados, avaliar entregas e encerrar projetos do jeito certo — consolidando aprendizados que fazem toda a diferença nos próximos desafios.

Essa é a Aula 4: Monitoramento, Avaliação e Encerramento — essencial pra quem quer elevar o nível na gestão de projetos.",Curso Online - Estruturação e Implantação de Projeto de Inovação,Emarson Dias,"Emerson é Mestre em Administração (FIA) e especialista em Carreira Executiva, com sólida atuação nas áreas de liderança, finanças e desenvolvimento humano. Professor de graduação, pós-graduação e MBAs, também é autor de quatro livros e colunista na Rádio Trianon/SP.

Atua como mentor, coach e consultor de carreira e negócios, integrando Coaching, Filosofia e Contabilidade para promover desenvolvimento com foco em resultado. Possui formação em Gestão Estratégica de Pessoas, Controladoria, Assessment (Birkman, MBTI®, EQ-i/360) e especializações em varejo e psicologia aplicada ao ambiente organizacional.

Seu trabalho é orientado para o desenvolvimento de potencialidades, com ênfase em percepção estratégica, planejamento e ação consistente.",2025-12-03 14:00:00,2025-12-03 14:00:00,2025-12-03 15:00:00,60,,https://www.youtube.com/watch?v=okYik_cdF4U,https://d2xsxph8kpxj0f.cloudfront.net/310519663192322263/5n7arrGNHjNdoFCMzyGXcY/webinar-cards/webinar-17-0x4vb40t.jpg,webinar-cards/webinar-17-0x4vb40t.jpg,,all,completed,0,,1,2026-02-27 02:09:22,2026-03-02 22:06:11
18,"2025/23 - Felicidade e Promessas de Final de Ano, com Emerson Dias","Já pensou em fechar 2025 com mais leveza, propósito e aquele sentimento bom de “agora vai”?

No dia 10/12, você vai poder viver isso no Webinar de Final de Ano – Felicidade e Promessas de Final de Ano, com Emerson Dias, um encontro especial pra te ajudar a entender seus ciclos, criar intenções reais e começar 2026 com mais clareza e alegria.

É leve, transformador — e a sua virada começa aqui.",Encerramento do Ano 2025,Emerson Dias,"Emerson é Mestre em Administração (FIA) e especialista em Carreira Executiva, com sólida atuação nas áreas de liderança, finanças e desenvolvimento humano. Professor de graduação, pós-graduação e MBAs, também é autor de quatro livros e colunista na Rádio Trianon/SP.

Atua como mentor, coach e consultor de carreira e negócios, integrando Coaching, Filosofia e Contabilidade para promover desenvolvimento com foco em resultado. Possui formação em Gestão Estratégica de Pessoas, Controladoria, Assessment (Birkman, MBTI®, EQ-i/360) e especializações em varejo e psicologia aplicada ao ambiente organizacional.

Seu trabalho é orientado para o desenvolvimento de potencialidades, com ênfase em percepção estratégica, planejamento e ação consistente.",2025-12-10 14:00:00,2025-12-10 14:00:00,2025-12-10 15:00:00,60,,https://www.youtube.com/watch?v=0DOT-RtJF8s,https://d2xsxph8kpxj0f.cloudfront.net/310519663192322263/5n7arrGNHjNdoFCMzyGXcY/webinar-cards/webinar-18-z51drri7.jpg,webinar-cards/webinar-18-z51drri7.jpg,,all,completed,0,,1,2026-02-27 02:09:22,2026-03-04 01:09:03
19,2026/01 - Aula 01 – O Código de Aprendizagem - O Preparo,"Antes de aprender qualquer coisa nova, é preciso preparar o terreno. 
Nesta aula, você vai compreender como a Escuta Ativa e a Atenção funcionam como filtros essenciais para a aprendizagem, ajudando a selecionar o que realmente importa em meio ao excesso de estímulos. Também será abordado como a Gestão do Tempo cria o espaço mental e organizacional necessário para sustentar o foco, a presença e a absorção real do conteúdo.
Uma aula prática e reflexiva para quem deseja aprender com mais clareza, intenção e profundidade.",Curso Online,Sergio David,"Sérgio D é especialista em Carreira Executiva e Desenvolvimento Humano, com mais de 20 anos de experiência em Gestão Estratégica de Resultados. Atua como mentor e coach de carreira, apoiando profissionais e organizações na construção de relações mais produtivas e no fortalecimento da performance.

Possui formação em Gestão Estratégica de Pessoas, Certificação Internacional em Coaching (ICC) e especializações em Programação Neurolinguística (PNL) e Neurociências aplicadas à gestão. Conduz treinamentos, palestras e processos de desenvolvimento com foco em liderança, motivação e alta performance.",2026-01-21 14:00:00,2026-01-21 14:00:00,2026-01-21 15:00:00,60,,https://www.youtube.com/watch?v=TtzfMNEc7B4,https://d2xsxph8kpxj0f.cloudfront.net/310519663192322263/5n7arrGNHjNdoFCMzyGXcY/webinar-cards/webinar-19-ipypawgn.jpg,webinar-cards/webinar-19-ipypawgn.jpg,,all,completed,0,,1,2026-02-27 02:09:22,2026-03-02 21:39:40
20,2026/02 - Aula 02 – O Código de Aprendizagem - A Execução,"O Código da Aprendizagem – Aula 2: A Execução (O Motor e o Arquivo)
A Aula 2 do ciclo O Código da Aprendizagem tem como foco a execução — o momento em que o aprendizado precisa se sustentar na prática.

Nesta aula, serão abordados os fatores que explicam por que muitas pessoas estudam, se esforçam e ainda assim sentem que o conhecimento não se consolida. A proposta é apresentar um sistema que transforma intenção em ação contínua e aprendizado real.

O conteúdo se organiza a partir de dois elementos centrais:

Motor (Disciplina): o que mantém a execução mesmo quando a motivação diminui.

Arquivo (Memória): como consolidar o conhecimento para que ele possa ser recuperado e aplicado ao longo do tempo.

A aula combina fundamentos da neurociência, psicologia cognitiva e aprendizagem de alta performance, oferecendo um modelo claro, aplicável e sustentável.


A Aula 2 dá continuidade à Aula 1 – O Preparo, que apresentou as bases necessárias para criar as condições ideais de aprendizagem.",Curso Online,Sergio David,"Sérgio D é especialista em Carreira Executiva e Desenvolvimento Humano, com mais de 20 anos de experiência em Gestão Estratégica de Resultados. Atua como mentor e coach de carreira, apoiando profissionais e organizações na construção de relações mais produtivas e no fortalecimento da performance.

Possui formação em Gestão Estratégica de Pessoas, Certificação Internacional em Coaching (ICC) e especializações em Programação Neurolinguística (PNL) e Neurociências aplicadas à gestão. Conduz treinamentos, palestras e processos de desenvolvimento com foco em liderança, motivação e alta performance.",2026-01-28 14:00:00,2026-01-28 14:00:00,2026-01-28 15:00:00,60,,https://www.youtube.com/watch?v=TtzfMNEc7B4,https://d2xsxph8kpxj0f.cloudfront.net/310519663192322263/5n7arrGNHjNdoFCMzyGXcY/webinar-cards/webinar-20-wzg9p1hp.jpg,webinar-cards/webinar-20-wzg9p1hp.jpg,,all,completed,0,,1,2026-02-27 02:09:22,2026-03-02 21:40:02
21,2026/03 - Aula 01 - Resiliência e Proatividade na Prática Organizacional,"CURSO - Resiliência e Proatividade na Prática Organizacional - AULA 1 – PRESSÃO, ADVERSIDADE E DESEMPENHO PROFISSIONAL
Você está participando da Aula 1 do curso online “Resiliência e Proatividade na Prática Organizacional”, uma jornada formativa composta por 4 encontros voltados ao fortalecimento de competências essenciais para o contexto profissional contemporâneo.

Neste primeiro encontro — Pressão, Adversidade e Desempenho Profissional — vamos aprofundar a compreensão sobre como a pressão influencia comportamentos, decisões e resultados no ambiente de trabalho.

A proposta é diferenciar reações automáticas de atitudes pautadas na maturidade profissional, ampliando a consciência sobre postura, responsabilidade e protagonismo diante de desafios organizacionais.


Prepare-se para uma aula reflexiva, prática e aplicável ao dia a dia, com insights que fortalecem a resiliência e estimulam uma atuação mais estratégica e proativa.",Curso Online,Sandra Pitman,"Sandra Pitman é psicóloga, especialista em Carreira Executiva e Desenvolvimento de Lideranças, com mais de 35 anos de atuação na área de Recursos Humanos.

Possui MBA em Coaching e formação em Executive, Career e Positive Coaching pela Sociedade Brasileira de Coaching, além de especialização em coordenação de processos de grupo. Atua desde 1996 em projetos de Mudança Organizacional, Treinamento e Desenvolvimento, Avaliação de Desempenho e Potencial, Assessment e Coaching Executivo.

Ao longo de sua trajetória, conduziu projetos para empresas como Banco Safra, Cargill, Nestlé, Itaú, Claro, Coca-Cola, CPFL, Alpargatas, entre outras, com foco em desenvolvimento de pessoas, cultura organizacional e fortalecimento da performance profissional.",2026-02-19 14:00:00,2026-02-19 14:00:00,2026-02-19 15:00:00,60,,https://www.youtube.com/watch?v=qOXykyg3ERc,https://d2xsxph8kpxj0f.cloudfront.net/310519663192322263/5n7arrGNHjNdoFCMzyGXcY/webinar-cards/webinar-21-tpadk0zu.jpeg,webinar-cards/webinar-21-tpadk0zu.jpeg,,all,completed,0,,1,2026-02-27 02:09:22,2026-03-02 21:40:37
22,2026/04 - Aula 02 -  Resiliência e Proatividade na Prática Organizacional,"CURSO ONLINE Resiliência e Proatividade na Prática Organizacional - Aula 02
Aula 2 – Resiliência: Estabilidade Emocional e Constância
Em ambientes de alta pressão, manter equilíbrio emocional é essencial para sustentar desempenho e credibilidade profissional.

Nesta aula, você aprenderá o que é (e o que não é) resiliência profissional, desenvolvendo habilidades como autocontrole emocional, análise racional dos fatos, postura equilibrada e foco em solução.

Será apresentado o Modelo Prático da Resiliência – PAUSA, ANALISA, DECIDE, ferramenta objetiva para reduzir reações impulsivas e fortalecer decisões mais maduras no contexto organizacional.

A aula inclui aplicação prática para que você reflita sobre suas reações sob pressão e desenvolva uma postura mais estável e estratégica.

Ao final, você estará mais preparado para manter constância de desempenho mesmo diante de críticas, conflitos e situações desafiadoras.


Profissionais resilientes não evitam pressão.
Eles mantêm constância diante dela.",Curso Online,Sandra Pitman,,2026-02-27 17:00:00,2026-02-27 17:00:00,2026-02-27 18:00:00,60,,https://www.youtube.com/watch?v=dru-cC5JdT0,https://d2xsxph8kpxj0f.cloudfront.net/310519663192322263/5n7arrGNHjNdoFCMzyGXcY/webinar-cards/webinar-22-jkitcyxa.jpeg,webinar-cards/webinar-22-jkitcyxa.jpeg,,all,completed,0,,1,2026-02-27 02:09:22,2026-03-02 22:04:53
23,2025/05 - Inteligência Emocional com Sergio David,,Webinar Inteligência Emocional ,Sergio David ,"Sérgio David é especialista em Carreira Executiva e Desenvolvimento Humano, com mais de 20 anos de experiência em Gestão Estratégica de Resultados. Atua como mentor e coach de carreira, apoiando profissionais e organizações na construção de relações mais produtivas e no fortalecimento da performance.

Possui formação em Gestão Estratégica de Pessoas, Certificação Internacional em Coaching (ICC) e especializações em Programação Neurolinguística (PNL) e Neurociências aplicadas à gestão. Conduz treinamentos, palestras e processos de desenvolvimento com foco em liderança, motivação e alta performance.",2025-03-18 14:00:00,2025-03-18 14:00:00,2025-03-18 15:00:00,60,https://www.youtube.com/watch?v=jyz7-jHOU38,https://www.youtube.com/watch?v=QMmXR0EhzSs,https://d2xsxph8kpxj0f.cloudfront.net/310519663192322263/5n7arrGNHjNdoFCMzyGXcY/webinar-cards/webinar-23-vzwho6x9.jpg,webinar-cards/webinar-23-vzwho6x9.jpg,,all,completed,0,,1,2026-02-27 02:09:22,2026-03-03 23:57:06
24,2025/19 - Aula 01 –Estrutura e Conceitos de Projetos de Inovação com Emerson Dias,"Você sabe o que realmente faz um projeto ser inovador?

No Webinar AULA 01 “Estrutura e Conceitos de Projetos de Inovação”, o professor Emerson Dias vai te mostrar como unir estratégia organizacional, comportamento humano e criatividade para transformar ideias em resultados concretos.

Essa é a 1ª aula do ciclo “Projetos de Inovação”, e vai abrir sua mente sobre como pensar e conduzir inovação de forma estruturada e estratégica.",Curso Online - Estruturação e Implantação de Projeto de Inovação,Emerson Dias,"Emerson é Mestre em Administração (FIA) e especialista em Carreira Executiva, com sólida atuação nas áreas de liderança, finanças e desenvolvimento humano. Professor de graduação, pós-graduação e MBAs, também é autor de quatro livros e colunista na Rádio Trianon/SP.

Atua como mentor, coach e consultor de carreira e negócios, integrando Coaching, Filosofia e Contabilidade para promover desenvolvimento com foco em resultado. Possui formação em Gestão Estratégica de Pessoas, Controladoria, Assessment (Birkman, MBTI®, EQ-i/360) e especializações em varejo e psicologia aplicada ao ambiente organizacional.

Seu trabalho é orientado para o desenvolvimento de potencialidades, com ênfase em percepção estratégica, planejamento e ação consistente.",2025-10-15 14:00:00,2025-10-15 14:00:00,2025-10-15 15:00:00,60,,https://www.youtube.com/watch?v=FH0e49f7_eQ,https://d2xsxph8kpxj0f.cloudfront.net/310519663192322263/5n7arrGNHjNdoFCMzyGXcY/webinar-cards/webinar-24-tzhv95o0.jpg,webinar-cards/webinar-24-tzhv95o0.jpg,,all,completed,0,,1,2026-02-27 02:09:23,2026-03-02 22:09:48
28,2025/01 - Gestão do Tempo com Edson Herreiro,"Nesta palestra sobre Gestão do Tempo, Edson Herrero convida os participantes a refletirem sobre como utilizam o próprio tempo e quais comportamentos impactam diretamente sua produtividade e qualidade de vida.

Ao longo do encontro, são abordados temas como ansiedade, excesso de tarefas, “ladrões do tempo”, ritmos biológicos e a diferença entre urgência e importância. Edson destaca que gestão do tempo não é apenas uma técnica, mas um comportamento, envolvendo organização, disciplina e clareza de prioridades.

Com exemplos práticos e exercícios de autoanálise, a palestra oferece ferramentas para melhorar o foco, reduzir desperdícios e promover uma administração do tempo mais consciente, equilibrada e orientada a resultados.",Webinar Gestão do Tempo ,Edson Herrero,"Edson Herrero é especialista em Carreira Executiva e consultor na área de Recursos Humanos, com mais de 15 anos de experiência em desenvolvimento de pessoas e programas de treinamento comportamental. Atua como mentor e transformador de carreira, com sólida trajetória em políticas de RH, avaliação de potencial, assessment, pesquisa de clima organizacional e mapeamento de competências.

É consultor parceiro do IDORT e Head da Integração Escola de Negócios, onde desenvolve e conduz programas de formação de mentores, liderança, inteligência emocional, comunicação interpessoal e protagonismo. Possui MBA em Liderança e Gestão de Pessoas, certificação em Assessment Big Five, especialização em Orientação Vocacional e Psicodrama, além de formação em Psicologia e Ciências Sociais.

Também atua como professor convidado em cursos de pós-graduação e MBA.",2024-10-30 14:00:00,2024-10-30 14:00:00,2024-10-30 15:00:00,60,,https://youtube.com/live/4OZfOFHR3nY?feature=share,https://d2xsxph8kpxj0f.cloudfront.net/310519663192322263/5n7arrGNHjNdoFCMzyGXcY/webinar-cards/webinar-28-oibosf9o.jpg,webinar-cards/webinar-28-oibosf9o.jpg,,all,completed,0,,1,2026-02-27 02:09:23,2026-03-04 01:06:59
29,2025/02 - Delegação com Márcia Fernandes,"Neste webinar, Márcia Fernandes aborda a delegação como uma competência estratégica para líderes e profissionais que desejam ampliar resultados sem sobrecarga.

A especialista apresenta fundamentos e práticas para delegar com clareza, definir responsabilidades, alinhar expectativas e acompanhar entregas com confiança. O conteúdo também destaca como a delegação eficaz promove autonomia, fortalece a colaboração e contribui para o aumento da produtividade das equipes.

Uma conversa direcionada a quem busca mais eficiência no dia a dia profissional e deseja desenvolver uma atuação mais estratégica, organizada e orientada a resultados.",Webinar Delegação,Marcia Fernandes,"Márcia Fernandes é uma psicóloga experiente e apaixonada pelo desenvolvimento humano, com mais de 30 anos de dedicação à transformação pessoal e profissional. Especialista em coaching e mentoria, ela alia profundo conhecimento da inteligência emocional a uma abordagem prática e inspiradora, ajudando indivíduos e equipes a desbloquearem seu potencial máximo.

Reconhecida por sua empatia e energia contagiante, Márcia tem um talento único para conectar-se com as pessoas e guiá-las rumo ao sucesso. Sua expertise em inventário comportamental e liderança eficaz faz dela uma referência na capacitação de líderes e na construção de times de alta performance. Com uma abordagem dinâmica e personalizada, ela não apenas ensina—ela transforma, inspirando profissionais a superarem desafios e alcançarem resultados extraordinários.

Seja no ambiente corporativo ou no desenvolvimento individual, Márcia Fernandes é sinônimo de excelência, inovação e crescimento contínuo.",2024-11-13 14:00:00,2024-11-13 14:00:00,2024-11-13 15:00:00,60,,https://www.youtube.com/live/pGUjKHTb6JQ?si=_zlWrK2E3ifNbUyN,https://d2xsxph8kpxj0f.cloudfront.net/310519663192322263/5n7arrGNHjNdoFCMzyGXcY/webinar-cards/webinar-29-rg22q4cm.jpeg,webinar-cards/webinar-29-rg22q4cm.jpeg,,all,completed,0,,1,2026-02-27 02:09:23,2026-03-04 00:51:25
30,2025/03 - Motivação e Engajamento com Sandra Pitman,"Nesta entrevista, Sandra Pitman aborda um tema essencial para organizações que desejam fortalecer resultados por meio das pessoas: engajamento no desenvolvimento e treinamento.

Com uma abordagem prática e estratégica, Sandra apresenta reflexões sobre como aumentar a participação das equipes nos processos de capacitação, gerar maior comprometimento com o aprendizado e transformar treinamentos em experiências que realmente impactam a performance.

Ao longo da conversa, são compartilhadas estratégias aplicáveis ao dia a dia profissional, contribuindo para a construção de uma cultura de desenvolvimento contínuo, maior envolvimento das equipes e evolução consistente nos resultados individuais e organizacionais.",Webinar Entrevista,Sandra Pitman,"Sandra Pitman é psicóloga, especialista em Carreira Executiva e Desenvolvimento de Lideranças, com mais de 35 anos de atuação na área de Recursos Humanos.

Possui MBA em Coaching e formação em Executive, Career e Positive Coaching pela Sociedade Brasileira de Coaching, além de especialização em coordenação de processos de grupo. Atua desde 1996 em projetos de Mudança Organizacional, Treinamento e Desenvolvimento, Avaliação de Desempenho e Potencial, Assessment e Coaching Executivo.

Ao longo de sua trajetória, conduziu projetos para empresas como Banco Safra, Cargill, Nestlé, Itaú, Claro, Coca-Cola, CPFL, Alpargatas, entre outras, com foco em desenvolvimento de pessoas, cultura organizacional e fortalecimento da performance profissional.",2024-11-27 14:00:00,2024-11-27 14:00:00,2024-11-27 15:00:00,60,,https://www.youtube.com/live/JUSFR0nfwN8?si=ooKWK2CRnpBPq32l,https://d2xsxph8kpxj0f.cloudfront.net/310519663192322263/5n7arrGNHjNdoFCMzyGXcY/webinar-cards/webinar-30-ivnvojo5.jpeg,webinar-cards/webinar-30-ivnvojo5.jpeg,,all,completed,0,,1,2026-02-27 02:09:23,2026-03-04 00:23:23
31,2025/04 - Experiências e Trajetórias com Andressa Cristina dos Santos,"Nesta entrevista, Andressa Cristina Teixeira dos Santos compartilha sua trajetória na gestão pública e os aprendizados acumulados ao longo de 15 anos de atuação na administração municipal.

Com experiência em políticas públicas, planejamento estratégico e desenvolvimento de pessoas, Andressa aborda os desafios da liderança no setor público, a importância da gestão estruturada de equipes e o papel do planejamento na construção de resultados sustentáveis. A conversa traz reflexões práticas sobre gestão de conflitos, organização administrativa, concursos públicos, plano de cargos e salários e fortalecimento institucional.

Um conteúdo relevante para profissionais que atuam ou desejam atuar na gestão pública, com insights aplicáveis à melhoria contínua dos processos e à construção de uma administração mais estratégica e eficiente.",Webinar Entrevista,Andressa Cristina,"Andressa Cristina Teixeira dos Santos é gestora pública com 15 anos de experiência na administração municipal, atuando nas áreas de políticas públicas, gestão estratégica e desenvolvimento de pessoas. Atualmente exerce a função de Secretária Adjunta de Gestão Pública na Prefeitura de Franco da Rocha.

Possui pós-graduação em Gestão Pública, Gestão de Negócios Empresariais e Gestão de Pessoas, além de licenciatura em Pedagogia. Ao longo de sua trajetória, liderou projetos de planejamento estratégico, gestão de equipes, concursos públicos, plano de cargos e salários, folha de pagamento e programas de desenvolvimento e capacitação de servidores.

Tem atuação consolidada em gestão de conflitos, análise de políticas públicas e estruturação de processos administrativos, com foco em fortalecimento institucional e melhoria contínua da gestão pública.",2025-02-14 14:00:00,2025-02-14 14:00:00,2025-02-14 15:00:00,60,,https://www.youtube.com/live/j3PYj8c7p6s?si=ucvqidBdZQ3RpG6g,https://d2xsxph8kpxj0f.cloudfront.net/310519663192322263/5n7arrGNHjNdoFCMzyGXcY/webinar-cards/webinar-31-m4rvk0oc.jpg,webinar-cards/webinar-31-m4rvk0oc.jpg,,all,completed,0,,1,2026-02-27 02:09:23,2026-03-04 00:03:20
60001,2026/05 - Aula 03 - Resiliência e Proatividade na Prática Organizacional,"Na Aula 3 – Proatividade: Antecipar e Evitar Crises, você vai aprender como desenvolver uma postura ativa, estratégica e preventiva no ambiente organizacional. Porque quem antecipa riscos não apaga incêndios — constrói resultados com mais segurança e consistência.",Aula 3: Proatividade – Antecipar e Evitar Crises,Sandra Pitman,"Sandra Pitman é psicóloga, especialista em Carreira Executiva e Desenvolvimento de Lideranças, com mais de 35 anos de atuação na área de Recursos Humanos.

Possui MBA em Coaching e formação em Executive, Career e Positive Coaching pela Sociedade Brasileira de Coaching, além de especialização em coordenação de processos de grupo. Atua desde 1996 em projetos de Mudança Organizacional, Treinamento e Desenvolvimento, Avaliação de Desempenho e Potencial, Assessment e Coaching Executivo.

Ao longo de sua trajetória, conduziu projetos para empresas como Banco Safra, Cargill, Nestlé, Itaú, Claro, Coca-Cola, CPFL, Alpargatas, entre outras, com foco em desenvolvimento de pessoas, cultura organizacional e fortalecimento da performance profissional.",2026-03-11 14:00:00,2026-03-11 14:00:00,2026-03-11 15:00:00,60,https://www.even3.com.br/curso-052026-aula-03-699456,https://www.youtube.com/watch?v=OCLL8mnZL10,https://d2xsxph8kpxj0f.cloudfront.net/310519663192322263/5n7arrGNHjNdoFCMzyGXcY/webinar-cards/webinar-60001-p2qavffd.jpeg,webinar-cards/webinar-60001-p2qavffd.jpeg,,all,completed,1,2026-03-04 01:19:33,1,2026-03-04 01:16:33,2026-03-16 16:02:07
120001,2026/06 - Aula 04 - Resiliência e Proatividade na Prática Organizacional,"No encontro final do curso Resiliência e Proatividade na Prática Organizacional, será realizada uma síntese dos principais aprendizados das aulas anteriores, integrando dois pilares fundamentais para o desenvolvimento profissional em ambientes organizacionais desafiadores: equilíbrio emocional diante da pressão e capacidade de antecipar riscos e agir preventivamente.
A aula aborda como a combinação entre resiliência e proatividade contribui para o desenvolvimento da maturidade profissional, fortalecendo a tomada de decisões, a comunicação responsável e a construção de credibilidade no ambiente de trabalho.
Durante o encontro, os participantes serão convidados a refletir sobre situações reais de pressão em seu contexto profissional e a estruturar um Plano de Desenvolvimento de 30 dias, com ações práticas para aplicar os conceitos aprendidos no dia a dia.
Este momento de integração consolida as competências trabalhadas ao longo do curso e reforça uma mensagem central: profissionais que mantêm equilíbrio diante das dificuldades e agem antes que os problemas se tornem crises tornam-se referências em suas organizações.",Integração: Resiliência + Produtividade = Maturidade.,Sandra Pitman,"Sandra Pitman é psicóloga, especialista em Carreira Executiva e Desenvolvimento de Lideranças, com mais de 35 anos de atuação na área de Recursos Humanos.
Possui MBA em Coaching e formação em Executive, Career e Positive Coaching pela Sociedade Brasileira de Coaching, além de especialização em coordenação de processos de grupo. Atua desde 1996 em projetos de Mudança Organizacional, Treinamento e Desenvolvimento, Avaliação de Desempenho e Potencial, Assessment e Coaching Executivo.
Ao longo de sua trajetória, conduziu projetos para empresas como Banco Safra, Cargill, Nestlé, Itaú, Claro, Coca-Cola, CPFL, Alpargatas, entre outras, com foco em desenvolvimento de pessoas, cultura organizacional e fortalecimento da performance profissional",2026-03-25 14:00:00,2026-03-25 14:00:00,2026-03-25 15:00:00,60,https://www.even3.com.br/202606-aula-04-Integracao-704241,https://www.youtube.com/watch?v=5REu49iK7XQ,https://d2xsxph8kpxj0f.cloudfront.net/310519663192322263/5n7arrGNHjNdoFCMzyGXcY/webinar-cards/webinar-120001-w5e98v1m.jpeg,webinar-cards/webinar-120001-w5e98v1m.jpeg,,all,published,1,2026-03-19 20:15:50,1,2026-03-19 19:00:54,2026-03-19 20:33:43
